,FOM1,OFFSCORE,DEFSCORE,PFOM,SeedDiff,FTScore,ClassDiff,OPFOMDIF
128,0.346216216216,0.05,0.268818897638,0.05,0.0,-2.01962383648,0.0,-0.113309650085
129,0.734621848739,0.95,0.95,0.95,-11.0,-0.117675611955,-1.0,0.29617867535
130,0.886666666667,0.515384615385,0.702857142857,0.95,-9.0,1.25865504359,-1.0,0.0154174528049
131,0.702857142857,0.05,0.05,0.501816932247,-3.0,-0.326581730472,0.0,0.0528597645298
132,0.656231884058,0.95,0.95,0.617449556179,-11.0,-0.60056980057,0.0,0.190468766774
133,0.290819672131,0.05,0.05,0.05,15.0,-5.74516752577,1.0,-0.110874647267
134,0.390588235294,0.05,0.05,0.05,13.0,0.978787878788,2.0,-0.0283705977874
135,0.516949152542,0.05,0.05,0.198461538462,1.0,-2.47379479398,0.0,-0.063701862956
136,0.183708609272,0.05,0.05,0.173689148369,11.0,-2.11746934423,1.0,-0.12618893016
137,0.606666666667,0.05,0.05,0.106470588235,-1.0,-3.49494292305,1.0,-0.0462040131089
138,0.701666666667,0.05,0.05,0.281538461538,-5.0,-0.581482479784,0.0,-0.0278285686354
139,0.253333333333,0.95,0.95,0.733831197042,-5.0,0.617709172757,-1.0,0.0505130579696
140,0.566315789474,0.95,0.95,0.83625,-5.0,1.41851049247,0.0,0.0113552191837
141,0.195483870968,0.510791366906,0.36511627907,0.356388910369,13.0,0.264470068278,1.0,0.0655122818387
142,0.326666666667,0.487654320988,0.487654320988,0.310324448019,15.0,-0.784785391613,1.0,0.0297303816526
143,0.491935483871,0.05,0.925365853659,0.265585467855,3.0,5.45175438596,1.0,-0.0138974720876
144,0.347948717949,0.95,0.95,0.777731525873,-7.0,-1.69799104625,-1.0,0.0305026129046
145,0.503937007874,0.495867768595,0.495726495726,0.05,11.0,-0.998813734794,2.0,-0.105008144606
146,0.56027027027,0.896923076923,0.587559055118,0.647211289042,-13.0,0.268747040265,0.0,0.0368932011125
147,0.306601941748,0.05,0.05,0.05,15.0,-0.332589752527,1.0,-0.172828905651
148,0.539379844961,0.95,0.604691358025,0.833913043478,-9.0,-0.962851338379,-1.0,0.0332010420874
149,0.299459459459,0.95,0.05,0.05,7.0,1.17964285714,1.0,0.0630157602279
150,0.687008547009,0.95,0.95,0.719192005464,1.0,2.39826422372,-1.0,-0.00901262696789
151,0.563076923077,0.95,0.95,0.95,-9.0,-0.293476727786,-1.0,0.0487364329161
152,0.603529411765,0.95,0.306292134831,0.706831994761,-7.0,-1.37745441149,-1.0,0.0192235986592
153,0.95,0.05,0.508928571429,0.408515328162,1.0,-0.624743821579,0.0,-0.00529450539568
154,0.29652173913,0.05,0.05,0.280908542648,-3.0,-0.573288326543,1.0,-0.000324541035784
155,0.95,0.95,0.95,0.95,-15.0,-1.13396940546,-2.0,0.0432677451644
156,0.737522123894,0.95,0.95,0.95,-13.0,0.591569733078,-1.0,0.0533301387751
157,0.637190082645,0.05,0.34835443038,0.05,-3.0,-1.174307477,0.0,-0.0099467966158
158,0.487179487179,0.95,0.503105590062,0.95,-9.0,1.97479545543,-2.0,-0.00850608626255
159,0.380784313725,0.05,0.721935483871,0.943333333333,7.0,-1.82634358496,-1.0,-0.00922473272871
160,0.457064220183,0.05,0.213628318584,0.05,5.0,-1.97526425872,2.0,0.0251723302829
161,0.934324324324,0.95,0.415862068966,0.897305534216,-8.0,-0.684043704061,-2.0,0.30446586581
162,0.706153846154,0.95,0.95,0.628156107815,-8.0,3.06805114988,0.0,0.0391997328501
163,0.36511627907,0.05,0.05,0.226808510638,5.0,1.34258234519,1.0,0.031159378985
164,0.492857142857,0.95,0.95,0.29,-3.0,0.815137343439,1.0,0.19931233782
165,0.364,0.95,0.899365079365,0.474248002349,-3.0,0.536219235469,0.0,0.0615653433918
166,0.168863636364,0.415862068966,0.415862068966,0.222534810528,7.0,-3.32002869382,1.0,-0.0529695306189
167,0.446111111111,0.05,0.124,0.727445255474,-5.0,2.78255559004,0.0,-0.00714285714286
168,0.394683544304,0.925365853659,0.492063492063,0.730473600893,-8.0,-1.2431442111,-1.0,-0.0378437400159
169,0.613898305085,0.95,0.95,0.95,-8.0,2.05070955535,0.0,0.137403296939
170,0.0553846153846,0.495145631068,0.495145631068,0.222525512093,1.0,0.458288837397,1.0,-0.0569369879232
171,0.681353383459,0.95,0.95,0.95,-8.0,-0.650219912035,-2.0,0.0382241979567
172,0.488188976378,0.485074626866,0.485074626866,0.292878935092,-8.0,1.05605246718,1.0,0.00794138397989
173,0.05,0.95,0.95,0.492612533292,8.0,2.7295116438,0.0,0.0223121487091
174,0.604691358025,0.95,0.95,0.95,-5.0,-0.0598621823399,-1.0,0.0410775170715
175,0.320992907801,0.05,0.823909774436,0.786147962532,-1.0,-1.47897626379,-2.0,0.0190393232451
176,0.366165413534,0.05,0.05,0.05,8.0,-5.29472520702,2.0,-0.0318230019467
177,0.503184713376,0.95,0.496402877698,0.95,1.0,0.858465139372,-0.0,0.264120255242
178,0.75,0.95,0.95,0.266280991736,-11.0,0.993900181241,-0.0,-0.00473991338427
179,0.740697674419,0.95,0.513274336283,0.24696969697,3.0,-0.389016665993,-0.0,0.0427635936708
180,0.46,0.507142857143,0.492307692308,0.377213429054,-1.0,3.52789993853,0.0,-0.0159864281889
181,0.663859649123,0.95,0.829450549451,0.745454545455,-4.0,-0.371479183527,-0.0,0.0784238053686
182,0.345753424658,0.652894736842,0.652894736842,0.873643410853,-4.0,2.32044294865,0.0,0.101550640894
183,0.503759398496,0.342121212121,0.05,0.464236312389,-4.0,-2.62024836019,-0.0,0.0341628625415
184,0.362809917355,0.05,0.276953642384,0.391748461759,4.0,-4.7761944774,0.0,0.0289518171326
185,0.497206703911,0.95,0.05,0.95,2.0,-1.61040600156,-0.0,0.292487272903
186,0.602471910112,0.509933774834,0.509933774834,0.154782608696,-3.0,3.95512936078,-0.0,0.0356076996896
187,0.443516483516,0.486842105263,0.486842105263,0.598006551605,-3.0,2.24625931446,0.0,0.0503880518524
188,0.557647058824,0.512820512821,0.512820512821,0.463899963254,-5.0,-6.10635195442,0.0,0.0457288917902
189,0.778139534884,0.95,0.493243243243,0.120476190476,-3.0,2.27340671484,0.0,-0.0398002172326
190,0.209367088608,0.290819672131,0.290819672131,0.251388888889,4.0,-0.572223443062,0.0,-0.00301521045329
191,0.46275862069,0.05,0.209367088608,0.469037069826,0.0,3.18703186755,0.0,-0.0427785521903
192,0.05,0.05,0.95,0.137908496732,0.0,-3.41679517133,0.0,-0.0308048607551
193,0.534285714286,0.05,0.484536082474,0.710847457627,3.0,-1.42030567686,-1.0,0.0614751766971
194,0.696585365854,0.95,0.95,0.95,-9.0,3.14439953946,-1.0,0.0228290804256
195,0.804516129032,0.95,0.95,0.95,-15.0,3.60431886753,-1.0,0.158182993931
196,0.95,0.95,0.511904761905,0.724827586207,-11.0,-0.515829798739,-1.0,0.0607138617281
197,0.508670520231,0.95,0.509316770186,0.95,-1.0,3.40236238021,0.0,0.0440118389656
198,0.512987012987,0.585547445255,0.585547445255,0.598549617003,-11.0,0.0834681914626,0.0,0.190468766774
199,0.369387755102,0.05,0.05,0.419899025069,9.0,-2.29881011853,0.0,-0.0165746130183
200,0.511764705882,0.95,0.830247933884,0.120476190476,-5.0,-0.699357058316,0.0,0.021248885589
201,0.204444444444,0.95,0.879523809524,0.95,9.0,-1.14215207444,1.0,0.0026734835071
202,0.604096385542,0.437611940299,0.437611940299,0.381805574746,7.0,0.198027793375,1.0,0.0659667380644
203,0.508064516129,0.95,0.05,0.92,-13.0,-2.01594924535,-1.0,0.00467024912319
204,0.387741935484,0.95,0.433214285714,0.69958964368,-7.0,2.04108798032,-1.0,-0.0127800543259
205,0.05,0.05,0.120168067227,0.05,13.0,0.920102960103,1.0,0.0324354990276
206,0.248529411765,0.513698630137,0.510948905109,0.524709646001,7.0,0.375542950585,0.0,-0.000728026008735
207,0.394358974359,0.95,0.95,0.809119198154,-5.0,0.734404536862,-1.0,0.0685530182284
208,0.114210526316,0.368965517241,0.368965517241,0.369682573392,3.0,-2.62586238108,0.0,2.72715825042e-05
209,0.856213017751,0.05,0.653333333333,0.05,-1.0,-4.58747300991,0.0,0.295437612503
210,0.513333333333,0.05,0.05,0.05,9.0,-2.32212728627,2.0,-0.158588384725
211,0.482456140351,0.95,0.05,0.816291390728,-1.0,0.368452416423,-1.0,0.139436919876
212,0.270381679389,0.05,0.05,0.298495888581,15.0,0.890502555366,1.0,0.0536297886843
213,0.655714285714,0.05,0.05,0.05,5.0,-0.637528296724,2.0,-0.0808875221686
214,0.54427184466,0.95,0.05,0.166086956522,-3.0,-4.69183711884,0.0,0.0288134845902
215,0.538796992481,0.95,0.610303030303,0.95,-1.0,-0.287270942116,-2.0,0.102129986497
216,0.786511627907,0.773191489362,0.778139534884,0.773191489362,-15.0,-0.288110882159,-2.0,0.0422659900536
217,0.432727272727,0.562388059701,0.05,0.158356164384,-3.0,-1.26693212604,1.0,-0.0200603776444
218,0.485074626866,0.05,0.826956521739,0.201176470588,11.0,0.613824285887,2.0,-0.0382974058492
219,0.496062992126,0.05,0.95,0.95,-11.0,2.92445724413,-1.0,0.11572554347
220,0.389696969697,0.05,0.1496875,0.05,13.0,-0.979596622889,2.0,0.100638135467
221,0.227552447552,0.05,0.719393939394,0.517421499013,7.0,-1.45290389382,0.0,0.038717762312
222,0.384285714286,0.05,0.05,0.05,13.0,-2.98552750571,1.0,-0.0730234095424
223,0.256893203883,0.05,0.05,0.05,15.0,-1.54217468134,0.0,-0.0099241619577
224,0.138181818182,0.05,0.707619047619,0.215899290765,5.0,4.10969076478,1.0,-0.0169030169539
225,0.732,0.95,0.584137931034,0.784102564103,-8.0,0.495350464954,-1.0,-0.059870831846
226,0.728148148148,0.95,0.298904109589,0.95,-7.0,-0.531996215705,-1.0,0.0954349930933
227,0.937464788732,0.95,0.95,0.95,-8.0,-0.975360381764,-2.0,0.0229150995097
228,0.649411764706,0.95,0.95,0.211242828734,-3.0,-0.429756954321,2.0,0.139714472502
229,0.504347826087,0.347948717949,0.517857142857,0.511926001766,-8.0,2.56132075472,0.0,0.0327213532181
230,0.487603305785,0.568301886792,0.391830985915,0.485695749641,8.0,-0.564917862341,0.0,0.0192078682993
231,0.488549618321,0.617037037037,0.483606557377,0.534181641859,-1.0,1.88439004885,0.0,0.00296337643823
232,0.417124183007,0.365648854962,0.63488372093,0.597371799532,-5.0,-2.06836560632,-1.0,0.00467024912319
233,0.561739130435,0.05,0.391428571429,0.05,8.0,-1.77393842761,1.0,-0.078624687717
234,0.511764705882,0.05,0.05,0.05,-7.0,0.430990656135,1.0,-0.0562085320768
235,0.54,0.05,0.05,0.05,8.0,-1.30875036106,2.0,-0.0839027326219
236,0.853770491803,0.05,0.05,0.05,5.0,-2.33630393996,2.0,0.0302377275888
237,0.1975,0.95,0.24696969697,0.24696969697,8.0,0.678010680641,2.0,-0.0546977457602
238,0.0786046511628,0.509933774834,0.509933774834,0.69501580358,8.0,-1.39707818112,-1.0,0.00149934742673
239,0.4875,0.05,0.95,0.847424259967,7.0,-1.17629267057,-2.0,0.283871583254
240,0.266280991736,0.95,0.833023255814,0.112432432432,8.0,4.68352849336,1.0,-0.0514670529683
241,0.385517241379,0.95,0.95,0.83625,-3.0,-0.648006997376,0.0,0.102779517569
242,0.204444444444,0.05,0.05,0.375510697608,12.0,-0.626723835314,0.0,-0.108277985879
243,0.510344827586,0.813459119497,0.414074074074,0.503493806178,-4.0,6.11643676718,0.0,0.020309612563
244,0.493055555556,0.720372670807,0.720372670807,0.616327394077,1.0,0.233654863655,0.0,0.171483769185
245,0.555789473684,0.615087719298,0.615087719298,0.534357496129,-4.0,1.06229118248,0.0,0.0369062379508
246,0.518181818182,0.496183206107,0.496183206107,0.478484712196,-4.0,1.46362498261,-0.0,-0.0233804623792
247,0.613898305085,0.05,0.05,0.05,4.0,-3.14018559005,0.0,-0.0381738408317
248,0.495798319328,0.05,0.05,0.05,3.0,-1.80113185593,-0.0,-0.0417195162804
249,0.658461538462,0.95,0.496350364964,0.2453125,2.0,0.138746528474,0.0,0.0140323349559
250,0.453684210526,0.05,0.95,0.498186089365,-1.0,-0.839327731092,-0.0,0.00388974622414
251,0.727445255474,0.05,0.823909774436,0.381959373894,2.0,-1.47897626379,-0.0,0.0190393232451
252,0.494117647059,0.95,0.95,0.95,-10.0,3.42276899851,-0.0,0.0750670419441
253,0.777251908397,0.95,0.415524475524,0.95,-8.0,2.0115414061,-0.0,0.0687791933255
254,0.232692307692,0.05,0.05,0.516550984447,2.0,1.5718328841,0.0,0.0224998070723
255,0.801538461538,0.438260869565,0.631914893617,0.491373142553,1.0,-0.0211934900542,-0.0,0.0116203549044
256,0.392602739726,0.05,0.488549618321,0.05,0.0,-0.130149139213,0.0,-0.124611147039
257,0.628301886792,0.95,0.95,0.521882350968,-3.0,0.445980873611,0.0,-0.0213099159857
258,0.693398058252,0.95,0.05,0.287596571926,-7.0,0.0936433914431,1.0,0.0881175001853
259,0.05,0.05,0.05,0.746052631579,13.0,2.57103257103,0.0,-0.00256531825607
260,0.268818897638,0.95,0.95,0.211242828734,3.0,-0.429756954321,2.0,0.139714472502
261,0.893529411765,0.05,0.778139534884,0.95,-5.0,0.204055155832,-1.0,0.0305950261455
262,0.300526315789,0.95,0.6975,0.727445255474,9.0,-2.3947287772,1.0,0.062379861801
263,0.285454545455,0.322585034014,0.322585034014,0.112704670873,-1.0,2.11345987921,2.0,-0.0659959921453
264,0.0904635761589,0.05,0.05,0.148232906106,15.0,2.92455764075,2.0,0.0190022436117
265,0.0822222222222,0.150769230769,0.150769230769,0.150769230769,15.0,2.53839617598,2.0,-0.155177469105
266,0.916642335766,0.95,0.95,0.746666666667,-11.0,1.45607553366,-1.0,-0.00850835126909
267,0.193333333333,0.05,0.372380952381,0.194549476826,11.0,-0.312092624357,1.0,-0.0543343912802
268,0.95,0.95,0.95,0.95,-13.0,-0.514662236988,-1.0,0.0189849975894
269,0.49358974359,0.636,0.636,0.73140819524,-5.0,2.64799196445,-1.0,0.155659697174
270,0.05,0.95,0.3409375,0.290017873379,5.0,0.89621231979,1.0,0.0419540017278
271,0.195483870968,0.05,0.95,0.355672539737,11.0,-0.739537654515,1.0,-0.0193912462401
272,0.49358974359,0.95,0.539083969466,0.719057691033,-1.0,-0.642103786816,-1.0,0.134402862247
273,0.95,0.95,0.95,0.95,-15.0,2.98405529758,-2.0,0.0680272096428
274,0.95,0.95,0.605316455696,0.95,-15.0,1.14999774541,-2.0,0.123130801607
275,0.636,0.746666666667,0.95,0.848433696787,-1.0,-0.802859482859,-2.0,0.0815357039406
276,0.777251908397,0.95,0.836576576577,0.95,-13.0,-0.0812705882353,-1.0,0.0840654538028
277,0.43972972973,0.95,0.608169014085,0.235185185185,3.0,1.76352723364,1.0,0.0294947783055
278,0.491228070175,0.05,0.05,0.223883780872,11.0,-1.04938394277,1.0,-0.0525408732758
279,0.366666666667,0.95,0.22,0.790938930576,-1.0,0.941236793417,-1.0,0.294610272693
280,0.335357142857,0.95,0.95,0.196507936508,9.0,-0.32959181088,0.0,-0.00946626940123
281,0.05,0.05,0.05,0.283379643632,7.0,-0.137931034483,1.0,-0.0499733975908
282,0.298904109589,0.05,0.05,0.180559440559,9.0,-0.290045566447,0.0,0.0131809132394
283,0.484615384615,0.316692913386,0.316692913386,0.484323981075,3.0,-0.257942057942,0.0,-0.00731027733812
284,0.17795620438,0.95,0.95,0.630966707059,7.0,0.893731663744,0.0,0.116009119343
285,0.05,0.05,0.05,0.155841584158,9.0,-0.913482460036,1.0,0.0792360698542
286,0.490566037736,0.758333333333,0.95,0.609817108279,7.0,3.41231570779,0.0,0.00677310169049
287,0.343768115942,0.95,0.95,0.95,-5.0,2.43002633671,-1.0,0.0163538418621
288,0.273237410072,0.05,0.05,0.105050811922,13.0,-7.06750480067,2.0,-0.00387918949917
289,0.512396694215,0.95,0.415177304965,0.881196581197,1.0,-1.99387408583,1.0,0.0496012219127
290,0.410085470085,0.95,0.05,0.0670796460177,5.0,1.47497365648,-1.0,-0.0841393019048
291,0.252702702703,0.290819672131,0.290819672131,0.251388888889,8.0,-0.572223443062,0.0,-0.00301521045329
292,0.583489932886,0.95,0.746666666667,0.85238304093,-8.0,0.608682824206,-2.0,0.0237480872843
293,0.535337423313,0.95,0.05,0.728872180451,-8.0,1.99068809334,-1.0,0.00461682059542
294,0.489361702128,0.05,0.95,0.95,3.0,0.73529685712,-1.0,0.0339871053889
295,0.45572815534,0.95,0.390149253731,0.95,5.0,0.663411817976,-1.0,0.031769296683
296,0.513157894737,0.05,0.05,0.95,3.0,0.582683655132,0.0,0.00687532740937
297,0.584822695035,0.05,0.516129032258,0.95,-8.0,0.467507983533,-1.0,0.0297780126843
298,0.696585365854,0.344285714286,0.05,0.05,-7.0,-0.0386748077793,0.0,-0.0199165905298
299,0.797142857143,0.95,0.50625,0.790827085583,-5.0,-0.0654445035933,-1.0,0.0591241370637
300,0.751470588235,0.95,0.744303797468,0.95,-8.0,-0.00101495726496,-2.0,0.028626688
301,0.787567567568,0.05,0.95,0.299224106105,-1.0,1.00319090592,1.0,-0.00593739772038
302,0.509933774834,0.95,0.372380952381,0.352182665906,1.0,-4.05476559654,0.0,-0.00661667081931
303,0.561126760563,0.311327433628,0.311327433628,0.206876211881,5.0,-4.24113817217,1.0,-0.00687615375267
304,0.138709677419,0.433214285714,0.433214285714,0.626135610404,-1.0,2.18136068765,0.0,0.0358476711191
305,0.512605042017,0.95,0.95,0.616539256162,-3.0,1.13888440333,-0.0,0.0829453024705
306,0.503875968992,0.95,0.95,0.713571428571,-1.0,0.18773258471,-0.0,0.01411129237
307,0.502958579882,0.95,0.588455284553,0.630499020106,-4.0,1.82519864105,-0.0,0.0190778381611
308,0.36218487395,0.654246575342,0.95,0.885789473684,1.0,0.264909688013,0.0,-0.0257635519378
309,0.387213114754,0.557045454545,0.246153846154,0.87037037037,4.0,0.0844167292106,0.0,0.0810022303692
310,0.503816793893,0.05,0.777777777778,0.05,-4.0,-2.3180722183,0.0,0.0471104874637
311,0.656231884058,0.95,0.95,0.640518542303,-4.0,-0.157021869685,-0.0,0.0541240932034
312,0.513513513514,0.512345679012,0.512345679012,0.515148646238,-4.0,0.319735819736,-0.0,0.0355028417527
313,0.212380952381,0.393333333333,0.490066225166,0.41335337397,1.0,-1.55292640729,0.0,-0.000873343470755
314,0.267154471545,0.8025,0.8025,0.516119976336,-1.0,0.75539445629,-0.0,0.0542001450701
315,0.604691358025,0.05,0.05,0.495034792752,-2.0,-0.852822985734,0.0,0.00197866449379
316,0.693333333333,0.05,0.389696969697,0.95,1.0,-0.658099608167,0.0,0.00825692308288
317,0.655211267606,0.438260869565,0.631914893617,0.491373142553,-1.0,-0.0211934900542,-0.0,0.0116203549044
318,0.412440944882,0.05,0.05,0.468176926678,1.0,-2.33630393996,0.0,0.0302377275888
319,0.628301886792,0.417419354839,0.417419354839,0.406111053417,0.0,-0.69814316588,0.0,0.00685726520954
320,0.36511627907,0.95,0.95,0.362765811817,0.0,-1.19080213904,0.0,-0.0851771556262
321,0.496453900709,0.496732026144,0.496732026144,0.224895195078,13.0,-0.0208102141877,1.0,-0.0928438256135
322,0.95,0.252702702703,0.67642384106,0.885667154011,-15.0,-0.380037642475,-2.0,0.0835564568146
323,0.724217687075,0.515873015873,0.05,0.95,5.0,-0.556562589591,0.0,0.0103593645422
324,0.391428571429,0.95,0.95,0.95,5.0,-0.124162679426,-2.0,0.116384043998
325,0.681353383459,0.95,0.125054945055,0.95,-7.0,-1.59923513507,-1.0,0.038410055835
326,0.143728813559,0.05,0.05,0.05,7.0,-5.44901542153,1.0,-0.0545276826938
327,0.134482758621,0.05,0.608571428571,0.276641027619,9.0,-0.90992786111,1.0,-0.0126126918917
328,0.327455621302,0.05,0.95,0.95,5.0,1.04255319149,-1.0,0.136383581204
329,0.05,0.05,0.05,0.232422572192,11.0,0.420232899813,1.0,-0.0463720659298
330,0.460620155039,0.95,0.95,0.711724137931,-1.0,0.74679245283,0.0,0.125639410804
331,0.05,0.05,0.05,0.05,15.0,-1.0453968254,1.0,-0.0963284281248
332,0.269612403101,0.05,0.731181102362,0.943333333333,1.0,-1.61409291346,0.0,0.0388153617162
333,0.95,0.95,0.412,0.603720224426,-9.0,-0.803149427892,-1.0,0.0
334,0.344285714286,0.95,0.95,0.95,3.0,4.85213032581,-1.0,0.28829475536
335,0.22094488189,0.05,0.05,0.172127659574,11.0,-5.49110724901,2.0,-0.109728800752
336,0.295223880597,0.244444444444,0.244444444444,0.244444444444,11.0,-0.654393408135,-1.0,0.0337954269539
337,0.744303797468,0.95,0.773191489362,0.306735150206,1.0,-0.553437515317,1.0,0.0568596236572
338,0.890422535211,0.95,0.95,0.421934343534,-3.0,-0.458376386373,1.0,0.141716092097
339,0.558987341772,0.252702702703,0.252702702703,0.252702702703,3.0,-0.477564102564,0.0,-0.0660825440226
340,0.88407079646,0.95,0.95,0.95,-13.0,-2.34684957899,0.0,0.0755296745222
341,0.155714285714,0.496453900709,0.495726495726,0.289088418028,11.0,1.15356135402,1.0,0.0336956494811
342,0.95,0.95,0.542522522523,0.878139534884,-15.0,1.79434088626,-2.0,0.0213592901744
343,0.749295774648,0.67,0.95,0.706699845316,-3.0,1.69746274519,-1.0,0.0169530886744
344,0.584137931034,0.05,0.05,0.23302400879,-1.0,-2.10843253968,1.0,-0.0217656627087
345,0.05,0.05,0.485074626866,0.05,15.0,0.362825737265,2.0,-0.0935036017919
346,0.609411764706,0.95,0.95,0.95,-5.0,1.92470588235,-1.0,0.0886632500924
347,0.496402877698,0.95,0.561428571429,0.95,-9.0,2.36403708514,-1.0,0.0379490306495
348,0.912413793103,0.95,0.05,0.21313956454,9.0,-2.18473976671,1.0,-0.0148709996104
349,0.221860465116,0.95,0.801538461538,0.300311266273,13.0,3.72020509237,1.0,-0.00523589463635
350,0.101875,0.05,0.05,0.234545454545,13.0,-1.77230190877,1.0,-0.175211965336
351,0.439166666667,0.05,0.95,0.595392006884,-7.0,-0.719120304613,-1.0,-0.0298955725241
352,0.495,0.05,0.05,0.734621848739,-7.0,3.98929110106,1.0,-0.110693869955
353,0.872519083969,0.774744525547,0.774744525547,0.774744525547,-7.0,0.228681765995,-1.0,0.0800612964122
354,0.686218487395,0.05,0.738558558559,0.732,1.0,-1.68597270451,-1.0,0.0494922356853
355,0.496932515337,0.05,0.05,0.232522671799,3.0,1.36392405063,1.0,-0.0354378414954
356,0.49,0.05,0.05,0.504628637214,8.0,-1.01663072776,0.0,-0.0102215461458
357,0.0819607843137,0.95,0.05,0.685601040838,1.0,3.23438623831,0.0,0.0163538418621
358,0.438571428571,0.95,0.95,0.83625,-5.0,5.33557071487,0.0,0.137121465088
359,0.173070866142,0.05,0.05,0.05,8.0,-6.38838069788,1.0,0.00196416312895
360,0.418527607362,0.435,0.488372093023,0.695004031794,3.0,-0.72476574856,-1.0,0.000827339809515
361,0.513888888889,0.95,0.95,0.944615384615,8.0,1.40384615385,0.0,0.0704004078783
362,0.95,0.95,0.391014492754,0.703793088491,-3.0,-1.93864598025,-1.0,-0.0334927143801
363,0.509933774834,0.95,0.95,0.95,-7.0,0.184280771132,-1.0,0.0160137185222
364,0.05,0.05,0.388253968254,0.286410779492,8.0,1.16513501562,1.0,0.0618850261394
365,0.462993197279,0.290819672131,0.290819672131,0.290819672131,5.0,1.15865809948,1.0,0.10693733374
366,0.489795918367,0.95,0.05,0.487151636871,5.0,0.912086396153,0.0,-0.0103127442266
367,0.301538461538,0.05,0.24776119403,0.05,1.0,-3.18685594614,0.0,-0.0195617014497
368,0.366666666667,0.95,0.178367346939,0.29674406419,1.0,-0.06569687738,1.0,-0.00105582953701
369,0.868345323741,0.95,0.95,0.613882864394,1.0,0.786616972859,-0.0,0.0380803077093
370,0.931304347826,0.95,0.95,0.776390977444,-3.0,-1.0881836165,-0.0,0.0457288917902
371,0.650120481928,0.95,0.392972972973,0.810175438596,-11.0,0.995164835165,0.0,0.0189849975894
372,0.487012987013,0.2375,0.192203389831,0.497629794737,4.0,-4.79020130973,-0.0,0.00714285714286
373,0.825891472868,0.416821192053,0.05,0.46890499064,7.0,-5.31673498915,0.0,0.124386222751
374,0.778139534884,0.483606557377,0.483606557377,0.05,-11.0,-0.839259301946,-0.0,0.0616191134108
375,0.83421686747,0.05,0.05,0.469675569923,-4.0,0.599455442736,0.0,-0.0198389375234
376,0.110555555556,0.510344827586,0.510344827586,0.481410133489,1.0,-2.16967275568,0.0,-0.0152969390189
377,0.347948717949,0.374576271186,0.654246575342,0.497063051106,2.0,0.646165539199,0.0,-0.00297833495774
378,0.871428571429,0.05,0.95,0.483153180942,-2.0,-0.163931075937,-0.0,0.0189849975894
379,0.491379310345,0.559480519481,0.559480519481,0.520713365619,9.0,-1.02999425947,0.0,0.0512010800919
380,0.839210526316,0.95,0.05,0.480219571692,-1.0,-2.3987062289,-0.0,-0.00457772589231
381,0.84,0.05,0.05,0.484307699628,0.0,1.78739346165,0.0,0.0274562508693
382,0.773191489362,0.05,0.95,0.498186089365,0.0,-0.839327731092,-0.0,0.00388974622414
383,0.584475524476,0.564590163934,0.05,0.840810810811,0.0,1.6391571554,0.0,0.050310398846
384,0.205742574257,0.05,0.95,0.511249449528,0.0,1.41176983435,0.0,0.0600835755498
385,0.05,0.05,0.495575221239,0.05,15.0,-2.39324851692,1.0,0.0286190807262
386,0.05,0.05,0.05,0.05,13.0,-1.17737119767,1.0,-0.26672455819
387,0.27390070922,0.05,0.05,0.05,9.0,-1.19025641026,-1.0,-0.106125180125
388,0.486301369863,0.492753623188,0.492753623188,0.296338083917,1.0,-1.51256109739,1.0,0.0701227782013
389,0.278064516129,0.95,0.95,0.4105856975,-3.0,-3.24101829016,0.0,-0.0531149214622
390,0.32357615894,0.05,0.433684210526,0.05,13.0,1.79247017508,2.0,-0.103828834965
391,0.487603305785,0.493243243243,0.591531531532,0.291921581251,-3.0,-2.44002074098,1.0,-0.0135006264843
392,0.95,0.95,0.484375,0.95,-15.0,-0.416750779855,-2.0,0.0497571324274
393,0.05,0.95,0.183708609272,0.05,13.0,-3.22886324948,1.0,-0.120114653766
394,0.458632478632,0.95,0.382962962963,0.191034482759,7.0,3.47911821874,1.0,0.0243449904734
395,0.249275362319,0.95,0.05,0.157475728155,3.0,-2.24958829822,0.0,0.0496011977613
396,0.275172413793,0.95,0.95,0.711724137931,-1.0,0.74679245283,0.0,0.125639410804
397,0.503875968992,0.05,0.56380952381,0.694096991212,-5.0,1.69461255968,-1.0,0.0303803725333
398,0.275782312925,0.076,0.076,0.076,11.0,1.10469211844,0.0,-0.0121316747618
399,0.486486486486,0.95,0.95,0.810175438596,-7.0,3.12096748612,0.0,0.00295033959985
400,0.269612403101,0.205945945946,0.05,0.481670590534,9.0,-1.19781980246,0.0,0.00687406212967
401,0.721935483871,0.95,0.95,0.95,7.0,-0.744912371239,-1.0,0.280759684682
402,0.636585365854,0.05,0.05,0.252054794521,-5.0,-0.992481749467,0.0,0.0511220074179
403,0.769019607843,0.145,0.95,0.359392652705,9.0,0.254236835855,1.0,0.0639815716252
404,0.61125,0.05,0.95,0.791282051282,5.0,5.77712818167,1.0,0.0844232114399
405,0.65164556962,0.95,0.05,0.95,-11.0,-0.994914218941,-2.0,0.0689516554609
406,0.898125,0.95,0.95,0.95,-15.0,2.26541016425,-2.0,0.0370021754378
407,0.504347826087,0.95,0.657313432836,0.293125,-5.0,0.342527441599,1.0,-0.0225412479613
408,0.773956834532,0.95,0.484375,0.95,-13.0,-1.46300453543,-2.0,0.0246511177559
409,0.130656934307,0.05,0.914468085106,0.370262387677,11.0,1.54259576901,1.0,0.00806399674439
410,0.506578947368,0.839439252336,0.839439252336,0.839439252336,-1.0,0.747876469596,0.0,0.0266471081373
411,0.342686567164,0.05,0.588455284553,0.174108527132,15.0,-1.50710359106,1.0,-0.00996421159515
412,0.493150684932,0.95,0.481481481481,0.95,-1.0,2.21081457376,-2.0,0.0317437594853
413,0.207184466019,0.05,0.05,0.256893203883,11.0,-2.87815045053,2.0,1.84177873805e-05
414,0.173070866142,0.202857142857,0.202857142857,0.521594102545,-3.0,0.575026678572,0.0,-0.0217582856185
415,0.491666666667,0.05,0.05,0.05,-7.0,-5.70916057123,1.0,-0.0167770496592
416,0.153823529412,0.05,0.487654320988,0.0527485380117,9.0,1.03829114629,0.0,-0.0103713141551
417,0.95,0.05,0.496402877698,0.868235294118,-8.0,2.20449358748,0.0,0.0281297496689
418,0.537482517483,0.95,0.196507936508,0.535217276352,-5.0,-0.543211166829,0.0,0.116811852525
419,0.506097560976,0.95,0.865517241379,0.893529411765,-8.0,1.24256410256,1.0,0.190468766774
420,0.140251572327,0.95,0.05,0.299233236047,8.0,2.9680585616,1.0,0.0391316171368
421,0.254545454545,0.05,0.437611940299,0.282183000261,7.0,2.5889271081,1.0,-0.00424408712848
422,0.343235294118,0.814140127389,0.05,0.625675008525,8.0,1.69685300757,-1.0,-0.0810721880037
423,0.506666666667,0.05,0.65125,0.533242792505,1.0,-0.651136037458,0.0,0.000840376647896
424,0.116708860759,0.05,0.05,0.625325788077,3.0,-1.55021879022,-1.0,0.0074189683407
425,0.7546875,0.95,0.565423728814,0.828,-1.0,1.59723795417,-2.0,0.231456040877
426,0.157475728155,0.390149253731,0.495726495726,0.114210526316,8.0,0.789649660443,2.0,0.0183809259233
427,0.583178807947,0.95,0.95,0.95,-8.0,1.1356677654,-2.0,0.0507462290335
428,0.537482517483,0.95,0.95,0.798203875285,-8.0,-0.660746957179,-1.0,0.0511088827501
429,0.487654320988,0.95,0.906037735849,0.370383668055,3.0,2.25,1.0,0.0189982211788
430,0.395,0.438873239437,0.438873239437,0.525986942504,7.0,-0.710503405953,0.0,0.0380959116089
431,0.322068965517,0.05,0.854285714286,0.289437655303,3.0,-1.84881972766,1.0,0.0594422358021
432,0.309541284404,0.95,0.95,0.95,8.0,5.03854964014,-2.0,-1.11022302463e-16
433,0.705454545455,0.95,0.219024390244,0.270381679389,-4.0,1.7376128167,0.0,0.0360658613029
434,0.331502590674,0.95,0.95,0.05,-1.0,0.655709342561,-0.0,0.0651552758007
435,0.541739130435,0.510067114094,0.462269503546,0.41737704253,-3.0,0.116561534901,-0.0,-0.00677855434845
436,0.05,0.95,0.95,0.485608615895,-1.0,-0.572239978862,-0.0,0.132698292982
437,0.05,0.95,0.169752066116,0.595034942945,11.0,0.663000713287,0.0,0.25268705567
438,0.460620155039,0.541367521368,0.488549618321,0.487580345772,1.0,2.20530951798,0.0,0.0304714613226
439,0.1,0.05,0.414074074074,0.582641261271,3.0,1.20427274047,0.0,0.144739874984
440,0.721935483871,0.139642857143,0.95,0.8825,-1.0,0.472972972973,0.0,0.0802598740948
441,0.582292993631,0.95,0.95,0.656050428017,-2.0,2.73367404884,0.0,0.0791737330997
442,0.493506493506,0.632846715328,0.632846715328,0.95,-2.0,-1.30089202503,-0.0,-0.0183445835971
443,0.288275862069,0.05,0.484848484848,0.500338263518,-1.0,1.12414622303,0.0,3.68754955509e-05
444,0.705454545455,0.95,0.05,0.49826156482,-1.0,-2.77487777953,-0.0,-0.0305143794223
445,0.370967741935,0.515625,0.515625,0.928235294118,-1.0,2.57046946128,0.0,-0.00582048022444
446,0.746052631579,0.342121212121,0.05,0.464236312389,-2.0,-2.62024836019,-0.0,0.0341628625415
447,0.187204968944,0.290819672131,0.290819672131,0.251388888889,1.0,-0.572223443062,0.0,-0.00301521045329
448,0.840952380952,0.05,0.05,0.177037037037,0.0,-2.21443332163,0.0,-0.0687325312264
449,0.635433070866,0.95,0.414820143885,0.836904620165,-11.0,1.84559491371,-2.0,0.13567126875
450,0.846176470588,0.233962264151,0.319854014599,0.881196581197,-7.0,0.385576193283,1.0,0.108284874226
451,0.57832460733,0.95,0.05,0.748611111111,-3.0,-0.374394213382,1.0,0.103797509754
452,0.788780487805,0.95,0.05,0.95,-15.0,-0.041914983387,-2.0,0.0747390507192
453,0.889444444444,0.95,0.61125,0.534000681563,-13.0,-0.542498360656,0.0,0.0631548731182
454,0.05,0.05,0.05,0.05,15.0,-2.12964426877,2.0,-0.109844499133
455,0.503816793893,0.95,0.561739130435,0.727445255474,9.0,-1.00711042463,1.0,0.000556158531618
456,0.458991596639,0.662372881356,0.05,0.152835820896,11.0,-0.319067395395,1.0,0.0273760482943
457,0.511111111111,0.24696969697,0.24696969697,0.24696969697,1.0,2.31430885591,1.0,0.0320484840356
458,0.261111111111,0.95,0.95,0.95,-11.0,-2.758665717,1.0,0.0565815044666
459,0.49504950495,0.95,0.05,0.873643410853,-5.0,3.13883263653,0.0,-0.00713624081561
460,0.370198675497,0.495652173913,0.385517241379,0.50409338465,-3.0,-0.596603125586,0.0,0.0251887643368
461,0.487603305785,0.389230769231,0.465380116959,0.95,5.0,2.28460911117,-1.0,0.0248351595602
462,0.48951048951,0.05,0.05,0.0922580645161,13.0,-1.66376444893,0.0,0.0064965343323
463,0.496894409938,0.95,0.95,0.95,-1.0,2.85108575516,0.0,0.0274524697058
464,0.493670886076,0.50641025641,0.50641025641,0.281658355664,-5.0,0.716006922872,1.0,-0.02326927397
465,0.773956834532,0.95,0.626946107784,0.05,-1.0,-0.848013572038,1.0,-0.0338591173443
466,0.725454545455,0.05,0.05,0.154782608696,7.0,-0.329540038587,1.0,-0.0385201607447
467,0.05,0.05,0.05,0.05,15.0,-2.25971151229,1.0,-0.212996853457
468,0.540325203252,0.95,0.178848920863,0.272554744526,3.0,0.62275984619,0.0,-0.0455037883513
469,0.412440944882,0.05,0.05,0.588503844282,1.0,-1.03350034385,-1.0,-0.207245816433
470,0.303855421687,0.05,0.518867924528,0.408784920771,9.0,-1.98852589641,0.0,-0.0708059942287
471,0.510948905109,0.95,0.95,0.706531350323,-7.0,-2.60525424908,-1.0,0.00208029839168
472,0.395609756098,0.95,0.95,0.618731818393,-3.0,2.29533678756,0.0,0.0239509887118
473,0.831428571429,0.95,0.493333333333,0.95,-13.0,1.08494592729,-2.0,0.0108725863763
474,0.05,0.342686567164,0.487341772152,0.274933750143,11.0,-0.0941578083139,1.0,0.00923970097421
475,0.609411764706,0.605974025974,0.539083969466,0.778084441378,-9.0,0.921017589043,-1.0,0.00882301201054
476,0.95,0.95,0.503105590062,0.95,-15.0,1.97479545543,-2.0,-0.00850608626255
477,0.805573770492,0.05,0.05,0.513310453769,-7.0,-1.47734840077,0.0,0.00950451429068
478,0.05,0.05,0.95,0.05,13.0,2.49702632788,1.0,-0.051014239696
479,0.519607843137,0.95,0.95,0.95,-9.0,4.69862149994,-2.0,-1.11022302463e-16
480,0.313781512605,0.05,0.95,0.700242133831,5.0,-0.894516358954,-1.0,0.0770536674672
481,0.607777777778,0.801538461538,0.05,0.70638266871,-8.0,0.546816479401,-1.0,0.113720838336
482,0.509433962264,0.05,0.510067114094,0.176090225564,-8.0,0.415405638142,0.0,0.104176096922
483,0.301538461538,0.95,0.942089552239,0.163037974684,5.0,1.10540983607,0.0,0.132438699119
484,0.95,0.95,0.801538461538,0.95,-8.0,2.16076019852,-1.0,0.0931017331893
485,0.492647058824,0.95,0.54380952381,0.825250993001,-8.0,-2.25885661416,-2.0,0.0480128123766
486,0.584475524476,0.05,0.05,0.05,8.0,-0.807772125352,0.0,-0.0113793924439
487,0.230331125828,0.95,0.05,0.473030481902,8.0,2.20179919787,0.0,-0.00726593871675
488,0.158356164384,0.05,0.3409375,0.271127819549,-8.0,-0.416695049247,0.0,0.00235433335836
489,0.837692307692,0.05,0.05,0.05,8.0,-5.52886378423,2.0,-0.0342165352428
490,0.218016528926,0.339016393443,0.95,0.05,7.0,-2.06055339477,0.0,-0.135372882742
491,0.494047619048,0.507462686567,0.799701492537,0.277904659538,-1.0,3.50090784403,1.0,0.0192926796135
492,0.368085106383,0.05,0.352527472527,0.05,8.0,-0.482229965157,1.0,-0.0379345183751
493,0.508064516129,0.95,0.95,0.868235294118,-1.0,0.525240867122,0.0,-0.00793611163405
494,0.0676315789474,0.95,0.814140127389,0.216188157784,7.0,-0.874335874336,2.0,0.194485369656
495,0.364566929134,0.629801324503,0.629801324503,0.33027163163,8.0,2.78571428571,0.0,-0.0494233891301
496,0.489208633094,0.510067114094,0.462269503546,0.646047244812,-3.0,0.116561534901,-1.0,-0.00677855434845
497,0.516393442623,0.05,0.507936507937,0.95,4.0,-1.02123014379,0.0,0.115624185745
498,0.53269035533,0.05,0.05,0.401150918329,-4.0,-1.60486744993,-0.0,0.00196416312895
499,0.160560747664,0.05,0.05,0.05,11.0,-1.01251000572,0.0,-0.127318268432
500,0.268,0.05,0.561126760563,0.141052631579,9.0,4.48144602653,0.0,-0.00715589398124
501,0.95,0.729618320611,0.729618320611,0.05,-7.0,-0.220541902962,-0.0,0.137024284209
502,0.731181102362,0.95,0.83264957265,0.819440559441,-3.0,1.48758630407,0.0,0.143436982421
503,0.591531531532,0.95,0.878139534884,0.476191248314,-4.0,-4.20786778274,-0.0,0.017541351054
504,0.489932885906,0.95,0.588455284553,0.630499020106,-4.0,1.82519864105,-0.0,0.0190778381611
505,0.589411764706,0.95,0.95,0.95,3.0,1.41774738573,0.0,0.109643419734
506,0.414820143885,0.95,0.95,0.612858051164,-1.0,5.38894053315,-0.0,0.0859588760464
507,0.416510067114,0.05,0.582875816993,0.05,2.0,-0.395584988962,-0.0,-0.00705340121683
508,0.503597122302,0.95,0.95,0.613527173474,-1.0,-0.423510160364,-0.0,0.0380434322137
509,0.509803921569,0.05,0.05,0.492869803535,0.0,1.47660623773,0.0,0.0688939015262
510,0.917777777778,0.95,0.95,0.83625,-1.0,5.33557071487,0.0,0.137121465088
511,0.491666666667,0.05,0.05,0.05,4.0,-0.878990573521,0.0,-0.0326567393674
512,0.853770491803,0.05,0.95,0.697841998837,0.0,-0.231578492195,-1.0,-0.00930128996752
513,0.487341772152,0.95,0.95,0.501990071784,0.0,-0.515727552018,0.0,-0.0158073613665
514,0.365648854962,0.05,0.95,0.05,0.0,-1.95458802267,1.0,0.0840515891117
515,0.258095238095,0.118803418803,0.118803418803,0.611222039665,0.0,0.90850536004,-1.0,0.00300017353064
516,0.508474576271,0.95,0.05,0.287596571926,-1.0,0.0936433914431,1.0,0.0881175001853
517,0.608571428571,0.95,0.05,0.95,-11.0,-0.706445880452,-1.0,0.134402862247
518,0.773191489362,0.95,0.95,0.678054186532,-5.0,3.47101449275,0.0,0.166541644162
519,0.05,0.05,0.05,0.265378151261,11.0,-1.43494401828,1.0,-0.0687162030591
520,0.95,0.95,0.05,0.906037735849,-13.0,0.255900917807,-2.0,0.0177298515859
521,0.767770700637,0.585179856115,0.585179856115,0.617369815699,5.0,-0.0198272792023,0.0,0.189497160498
522,0.537730496454,0.05,0.05,0.24776119403,-7.0,-1.81312644283,0.0,0.00270522597606
523,0.508620689655,0.95,0.95,0.95,-9.0,1.67007304774,-2.0,0.10705883528
524,0.49593495935,0.95,0.95,0.95,-9.0,2.26541016425,-2.0,0.0370021754378
525,0.95,0.95,0.95,0.95,-15.0,0.613141585889,-1.0,0.00989019085973
526,0.511111111111,0.95,0.95,0.290680192702,7.0,-0.433760534118,1.0,0.0185000737322
527,0.143728813559,0.864905660377,0.131654676259,0.115144683171,13.0,-2.0590526893,2.0,-0.0346185283182
528,0.492307692308,0.660322580645,0.05,0.05,3.0,-1.91249592288,0.0,-0.00604093927196
529,0.493506493506,0.95,0.414074074074,0.95,3.0,-1.40548009368,-1.0,0.0237286837475
530,0.395,0.05,0.95,0.410216364887,7.0,5.1244302466,0.0,-0.0254724004183
531,0.246153846154,0.05,0.05,0.05,9.0,-3.93208506312,2.0,0.051420496617
532,0.506578947368,0.95,0.35871559633,0.95,-7.0,1.2599946157,0.0,0.272562868689
533,0.95,0.95,0.95,0.95,-15.0,4.08529008604,-1.0,0.173427315695
534,0.592710280374,0.607777777778,0.05,0.419696028216,3.0,0.244090219041,0.0,-0.0255405011028
535,0.516949152542,0.05,0.274545454545,0.05,-1.0,-3.86026173583,0.0,-0.0497398700804
536,0.680740740741,0.508333333333,0.508333333333,0.188571428571,1.0,1.40732463413,0.0,0.00982649335252
537,0.124,0.05,0.05,0.05,15.0,-0.39246003368,2.0,-0.121139097236
538,0.685454545455,0.0874074074074,0.488721804511,0.392466371229,5.0,0.728685317783,0.0,-0.0232823108084
539,0.95,0.95,0.482142857143,0.95,-1.0,4.55869689012,-1.0,-0.00949916591436
540,0.240317460317,0.05,0.05,0.05,13.0,-0.913124241466,2.0,-0.0918220358047
541,0.268,0.05,0.361538461538,0.41824940074,13.0,-4.07686046512,0.0,0.0679897447869
542,0.95,0.95,0.776390977444,0.788487531369,-15.0,-0.185855141226,-1.0,0.0419677194515
543,0.95,0.95,0.95,0.95,-11.0,1.12471976296,-1.0,-0.000848153690726
544,0.17795620438,0.29,0.188484848485,0.143219634933,11.0,-1.35531982753,2.0,-0.00332579618893
545,0.487951807229,0.496183206107,0.05,0.05,9.0,-1.35866802595,1.0,-0.0249913230801
546,0.150769230769,0.512195121951,0.512195121951,0.494663620716,-5.0,0.22599861578,0.0,0.0653811898169
547,0.488721804511,0.05,0.78880733945,0.291612903226,3.0,-0.584673271501,0.0,0.0338084637923
548,0.503546099291,0.389230769231,0.484375,0.05,7.0,-0.197734996409,1.0,0.118386137211
549,0.930512820513,0.319854014599,0.12962962963,0.6477476598,-8.0,-0.699173789174,-1.0,-0.0560659045266
550,0.316692913386,0.434576271186,0.510948905109,0.52176890741,3.0,0.908673431598,0.0,0.0873679110619
551,0.608985507246,0.438260869565,0.631914893617,0.95,-5.0,-0.0211934900542,-1.0,0.0116203549044
552,0.609850746269,0.95,0.95,0.95,-1.0,5.38894053315,-1.0,0.0859588760464
553,0.164778761062,0.05,0.417987421384,0.95,1.0,-2.85805220389,0.0,-0.0196270197469
554,0.585925925926,0.05,0.544752475248,0.95,-5.0,1.094997837,-1.0,0.0252017831815
555,0.461481481481,0.05,0.05,0.05,1.0,-6.38838069788,1.0,0.00196416312895
556,0.503597122302,0.95,0.511904761905,0.712631578947,1.0,-1.14544955779,-1.0,0.267985142797
557,0.506944444444,0.653783783784,0.582292993631,0.391044696801,-7.0,-2.31150045595,1.0,0.149093239022
558,0.7546875,0.506666666667,0.506666666667,0.111506849315,8.0,-3.94776723395,0.0,-0.0331308915213
559,0.24696969697,0.05,0.95,0.282155750635,8.0,1.25230804739,1.0,-0.0702348030597
560,0.515625,0.510344827586,0.510344827586,0.126057644585,8.0,-0.225608735671,2.0,-0.0192657079261
561,0.508875739645,0.95,0.95,0.778733115832,-5.0,-1.08094887178,-1.0,0.0457419286286
562,0.05,0.05,0.05,0.297142857143,7.0,-2.88422036345,2.0,-0.061921928116
563,0.167058823529,0.05,0.05,0.694008703378,-8.0,1.21248222392,-1.0,0.0122227147534
564,0.787058823529,0.561739130435,0.561739130435,0.530071839409,4.0,-0.56828769303,-0.0,0.151173290272
565,0.590434782609,0.05,0.05,0.413366195875,4.0,-4.82050017027,0.0,0.111607582863
566,0.584822695035,0.95,0.95,0.47149019707,1.0,-0.202014103034,0.0,0.00738779242904
567,0.371337579618,0.95,0.05,0.582333633251,1.0,-0.374394213382,0.0,0.103797509754
568,0.894626865672,0.95,0.95,0.170894308943,-11.0,0.563148000456,-0.0,0.0478097415179
569,0.508196721311,0.95,0.503875968992,0.580762886894,3.0,0.0267756836659,0.0,0.069353645905
570,0.1575,0.05,0.05,0.376741224244,9.0,1.75402144772,0.0,-0.0690112025986
571,0.496503496503,0.839210526316,0.839210526316,0.405217770962,-1.0,0.915712095395,-0.0,-0.00538167471536
572,0.510344827586,0.557045454545,0.246153846154,0.87037037037,6.0,0.0844167292106,0.0,0.0810022303692
573,0.4921875,0.95,0.585179856115,0.95,2.0,-0.804423843848,-0.0,0.25854441139
574,0.584137931034,0.503448275862,0.745454545455,0.59453355452,2.0,1.83061824681,0.0,0.0473728413991
575,0.342121212121,0.05,0.181379310345,0.193333333333,-10.0,2.538876952,-0.0,0.0845805176034
576,0.610303030303,0.05,0.05,0.05,-3.0,1.76969015618,0.0,0.123002957807
577,0.504504504505,0.05,0.05,0.373012210994,-1.0,0.430990656135,0.0,-0.0562085320768
578,0.276170212766,0.676912751678,0.145,0.272554744526,5.0,-1.11512672434,0.0,0.0747143817506
579,0.56,0.95,0.513043478261,0.809707602339,0.0,-0.99719346049,-1.0,0.0902445740787
580,0.495726495726,0.05,0.05,0.166388900434,0.0,-0.0531868131868,1.0,-0.0773434305354
581,0.313781512605,0.95,0.95,0.05,0.0,0.587119835211,0.0,0.025487253309
582,0.293846153846,0.05,0.05,0.368986567759,0.0,-1.85753080211,0.0,-0.0584966377974
583,0.61125,0.95,0.487804878049,0.801538461538,-11.0,1.27131782946,-2.0,0.119394991462
584,0.515151515152,0.95,0.16735042735,0.1575,5.0,-0.504002960827,0.0,0.0216549842494
585,0.95,0.512820512821,0.512820512821,0.368382337623,-3.0,4.63073281494,1.0,0.183325909631
586,0.724827586207,0.95,0.683307086614,0.688390445367,-9.0,-0.586814669694,-1.0,0.0101209113272
587,0.27390070922,0.05,0.05,0.05,1.0,-0.558038547617,1.0,-0.0311478393868
588,0.562388059701,0.95,0.95,0.640852260265,-1.0,-1.64822404372,0.0,0.0288137867949
589,0.771020408163,0.95,0.95,0.95,-15.0,1.83594405594,-1.0,0.0931017331893
590,0.413282442748,0.95,0.05,0.164444444444,9.0,0.0511690354779,2.0,0.0816356659189
591,0.115897435897,0.95,0.95,0.95,11.0,-1.34473684211,-1.0,0.157685173056
592,0.154141414141,0.05,0.95,0.698303629994,5.0,1.17826323594,-1.0,0.0705793545833
593,0.415524475524,0.05,0.862409638554,0.05,7.0,-0.879094287443,1.0,-0.0476444449876
594,0.130656934307,0.05,0.05,0.05,13.0,-2.15082301804,2.0,-0.0666962469348
595,0.585547445255,0.95,0.95,0.95,-15.0,1.48738396841,-2.0,0.0126521423259
596,0.512396694215,0.490384615385,0.490384615385,0.461341930199,7.0,-2.64345460086,0.0,-0.0113953749439
597,0.369798657718,0.05,0.95,0.926776859504,7.0,1.4369266055,1.0,0.025350560875
598,0.05,0.05,0.05,0.05,9.0,-5.89729538018,2.0,0.0297173448142
599,0.564193548387,0.95,0.05,0.2453125,-5.0,0.627828726001,0.0,0.0968086424685
600,0.495652173913,0.610769230769,0.885789473684,0.741904761905,1.0,-1.50429674433,-1.0,0.0449474808335
601,0.95,0.05,0.05,0.127480916031,-3.0,-2.68053151067,-1.0,0.0193184325513
602,0.511627906977,0.95,0.516393442623,0.687914681812,-11.0,-1.33074776207,-1.0,-0.0308409867639
603,0.223609022556,0.05,0.05,0.746052631579,11.0,2.57103257103,0.0,-0.00256531825607
604,0.214782608696,0.413684210526,0.05,0.05,13.0,-3.38362383885,2.0,-0.0746722349068
605,0.46275862069,0.95,0.95,0.95,-13.0,0.191804928276,-1.0,0.14581823029
606,0.0694871794872,0.05,0.05,0.05,15.0,-0.262724604481,2.0,-0.0888068253514
607,0.748611111111,0.95,0.51724137931,0.471510331877,5.0,-1.13868589325,0.0,-0.000553591550852
608,0.494117647059,0.05,0.05,0.95,-13.0,0.819169027384,-1.0,-0.0529504395991
609,0.87037037037,0.95,0.95,0.95,-15.0,-0.0823296061379,-2.0,0.0412394084099
610,0.46,0.95,0.487654320988,0.95,-9.0,2.45645570326,-1.0,-0.00223322719761
611,0.510638297872,0.248529411765,0.484615384615,0.702976934931,3.0,-1.35582240679,-1.0,0.000640703004737
612,0.76862745098,0.496183206107,0.582292993631,0.260366972477,7.0,-1.87760455066,0.0,-0.0208994393228
613,0.409565217391,0.589914529915,0.95,0.95,-1.0,0.910426323693,-2.0,0.0433748451831
614,0.484615384615,0.95,0.95,0.95,-3.0,3.16538781434,-1.0,0.0163538418621
615,0.819440559441,0.705454545455,0.491525423729,0.705454545455,-8.0,0.545961002786,-1.0,0.122432090517
616,0.508064516129,0.95,0.05,0.906878980892,-8.0,2.43607282683,-2.0,0.0621496692163
617,0.209367088608,0.95,0.584475524476,0.397639751265,7.0,0.99696969697,0.0,-0.02506069269
618,0.513043478261,0.95,0.684,0.95,-1.0,0.0276783832545,-1.0,0.0404092603125
619,0.639130434783,0.05,0.587131782946,0.376738292831,-3.0,1.17710640898,0.0,-0.0307137967494
620,0.414820143885,0.05,0.940882352941,0.05,5.0,-0.500673163783,2.0,0.16672067949
621,0.200298507463,0.05,0.05,0.268416841782,7.0,-2.39232844223,1.0,0.00598076601126
622,0.487179487179,0.05,0.05,0.228214686194,1.0,-4.42603031262,1.0,0.00687532740937
623,0.565423728814,0.95,0.766037735849,0.599596932657,3.0,2.76134155145,0.0,0.141038161834
624,0.95,0.05,0.419532163743,0.95,-8.0,2.15615058732,-2.0,0.0199354448819
625,0.512195121951,0.0618691588785,0.95,0.8025,-8.0,1.32039933312,-1.0,0.07235780285
626,0.515873015873,0.95,0.95,0.95,-8.0,0.277667800804,-2.0,0.0632137827065
627,0.488372093023,0.657313432836,0.461481481481,0.164144209194,-8.0,-1.73446527699,2.0,0.0250339977405
628,0.25625,0.05,0.05,0.05,7.0,1.88250795131,2.0,-0.0524835067349
629,0.565423728814,0.95,0.95,0.533875401549,1.0,2.74321458863,0.0,0.0140001242273
630,0.293125,0.05,0.341538461538,0.412993894958,5.0,0.680278919015,0.0,-0.00155390805968
631,0.659682539683,0.95,0.95,0.0885714285714,4.0,-0.794993813648,-0.0,0.0538876633022
632,0.744356435644,0.05,0.484848484848,0.500338263518,3.0,1.12414622303,0.0,3.68754955509e-05
633,0.228979591837,0.05,0.95,0.0580582524272,4.0,1.28565747614,0.0,0.10051302489
634,0.503937007874,0.05,0.05,0.384418279443,-3.0,-3.53251416639,0.0,-0.00401660288231
635,0.53724137931,0.05,0.95,0.05,-7.0,0.398316970547,-0.0,0.137210921014
636,0.512820512821,0.657313432836,0.481818181818,0.05,-9.0,0.625453366452,0.0,0.0442333255269
637,0.30875,0.503448275862,0.503448275862,0.375331746466,3.0,-0.130657446093,0.0,-0.0423474389169
638,0.608985507246,0.95,0.95,0.645049432573,-12.0,-2.06134776421,-0.0,0.0483245813837
639,0.485714285714,0.504201680672,0.05,0.462556480153,3.0,0.228881061628,0.0,-0.0121452043386
640,0.58380952381,0.95,0.256790123457,0.591042145029,1.0,-0.381133913684,0.0,0.0277646901666
641,0.724217687075,0.05,0.05,0.484307699628,1.0,1.78739346165,0.0,0.0274562508693
642,0.300526315789,0.63781512605,0.63781512605,0.401320704747,2.0,-0.225454545455,0.0,0.0441091878244
643,0.507936507937,0.677931034483,0.608571428571,0.471389834808,0.0,-0.00962413542046,0.0,0.0494370553752
644,0.610769230769,0.617037037037,0.617037037037,0.597648099811,-3.0,1.05977347523,0.0,0.0503511763568
645,0.388253968254,0.344285714286,0.05,0.05,1.0,-0.0386748077793,0.0,-0.0199165905298
646,0.496551724138,0.05,0.05,0.751470588235,0.0,-0.0534121984944,0.0,-0.0261118442603
647,0.266280991736,0.05,0.05,0.684031962156,0.0,-0.870383784134,-1.0,-0.00390836285705
648,0.732845528455,0.462517482517,0.484848484848,0.274545454545,0.0,3.0729410094,0.0,0.0024287348461
649,0.370198675497,0.812795031056,0.95,0.722483660131,0.0,0.58125,-1.0,0.0709266285952
650,0.818620689655,0.95,0.95,0.828,-5.0,-0.546176840456,-2.0,0.244017115886
651,0.291612903226,0.95,0.05,0.05,5.0,-0.270110454538,0.0,-0.14343058481
652,0.512,0.496688741722,0.184444444444,0.184444444444,7.0,-1.57356224023,0.0,0.0157675932408
653,0.698461538462,0.95,0.95,0.0833576642336,-1.0,2.31838768116,0.0,0.120291372511
654,0.564590163934,0.95,0.95,0.95,-15.0,2.92670960579,0.0,0.204387438474
655,0.563076923077,0.95,0.05,0.313386117844,11.0,2.24815270936,1.0,0.0298845917643
656,0.95,0.95,0.95,0.95,-15.0,0.37798970331,-2.0,0.0951253024647
657,0.495726495726,0.95,0.95,0.628507655194,11.0,-1.07641700405,0.0,0.14766853356
658,0.509433962264,0.95,0.95,0.771020408163,-5.0,-1.67458022907,-2.0,0.0226881070087
659,0.77905511811,0.95,0.796338028169,0.800037490616,-9.0,4.26834741981,-2.0,-0.0226448463427
660,0.686218487395,0.95,0.95,0.95,-11.0,-2.24275677484,-2.0,0.0128362997347
661,0.267154471545,0.05,0.200298507463,0.295530629362,-7.0,-1.42488558093,1.0,0.00269066926046
662,0.0874074074074,0.95,0.490566037736,0.827738506424,9.0,2.99680641919,-1.0,0.0611334843148
663,0.05,0.05,0.194426229508,0.0786046511628,9.0,-1.77847179511,2.0,0.0337339476965
664,0.05,0.496688741722,0.496688741722,0.698587664995,7.0,0.740514138817,-1.0,0.0957389615928
665,0.1496875,0.486956521739,0.05,0.612373532325,-1.0,-0.688827301112,-1.0,-0.00677855434845
666,0.484615384615,0.95,0.491525423729,0.95,3.0,1.30434782609,-1.0,0.131015727119
667,0.295223880597,0.05,0.05,0.164778761062,13.0,1.11274834437,1.0,-0.0537413324338
668,0.654246575342,0.737522123894,0.05,0.95,13.0,1.61803232999,0.0,0.000832210973538
669,0.95,0.05,0.746666666667,0.95,-11.0,0.0727892568108,-2.0,0.0749295483193
670,0.382264150943,0.05,0.516949152542,0.474361927206,3.0,-2.11874335927,0.0,0.0118284908969
671,0.912413793103,0.95,0.95,0.95,-15.0,-0.53979359128,-2.0,0.0944187034408
672,0.847164179104,0.05,0.496688741722,0.690078690757,3.0,-1.35228568171,-1.0,0.0516871986372
673,0.588925619835,0.95,0.256790123457,0.734551419267,-15.0,1.79499425947,-1.0,0.0731851426595
674,0.491935483871,0.05,0.374285714286,0.69482355426,-9.0,-1.68534836066,-1.0,-0.00355541458944
675,0.95,0.95,0.95,0.95,-13.0,5.75171526587,-1.0,0.0701222929365
676,0.888493150685,0.38,0.05,0.507190546279,5.0,-0.680889929742,0.0,0.0580686698778
677,0.693398058252,0.05,0.05,0.223582391825,7.0,-5.16212760199,1.0,0.0357991888649
678,0.583489932886,0.342121212121,0.05,0.873643410853,-1.0,-2.62024836019,-2.0,0.0341628625415
679,0.05,0.05,0.05,0.05,13.0,-0.26225742673,2.0,0.0204102008845
680,0.22,0.95,0.95,0.295744017323,3.0,0.21816827997,1.0,0.0467378625291
681,0.486486486486,0.95,0.503184713376,0.104242424242,-1.0,-0.0530497825882,-1.0,0.0246481916307
682,0.95,0.95,0.339677419355,0.95,-8.0,-1.63872997712,-2.0,0.263211724218
683,0.05,0.95,0.820283687943,0.286253784121,7.0,1.05685250199,1.0,0.0352602836918
684,0.493150684932,0.707619047619,0.707619047619,0.612342235344,3.0,-0.765540243366,0.0,0.134889893671
685,0.95,0.334545454545,0.295223880597,0.799064770674,-1.0,5.06189976034,-2.0,0.0065664581527
686,0.05,0.05,0.05,0.469675569923,3.0,0.599455442736,0.0,-0.0198389375234
687,0.824885496183,0.95,0.95,0.780975609756,8.0,2.83457809224,-2.0,0.0491267893696
688,0.43619047619,0.328208092486,0.75303030303,0.267838916845,8.0,-2.14054390525,1.0,0.0129080423705
689,0.439452054795,0.95,0.5078125,0.517662962177,-8.0,-0.718243606391,0.0,0.190468766774
690,0.191034482759,0.05,0.398494623656,0.139642857143,5.0,-0.151157912056,1.0,-0.151018937175
691,0.652894736842,0.704776119403,0.267154471545,0.144289180304,8.0,-1.22018895615,2.0,0.0253126171632
692,0.749295774648,0.05,0.561739130435,0.695835124171,-8.0,0.618397414994,-1.0,-0.0464483149734
693,0.567272727273,0.95,0.05,0.249275362319,-8.0,0.48042094555,-1.0,0.0464506687705
694,0.706875,0.05,0.05,0.484307699628,-7.0,1.78739346165,0.0,0.0274562508693
695,0.506666666667,0.05,0.05,0.27191145441,1.0,-0.0518435251799,1.0,-0.0302796111465
696,0.483606557377,0.365648854962,0.365648854962,0.495694880175,5.0,-0.622004284375,0.0,-0.0141893858794
697,0.490196078431,0.906037735849,0.95,0.479679199189,8.0,0.961950023912,0.0,0.044292953215
698,0.657878787879,0.05,0.462014388489,0.272554744526,1.0,-1.38414217362,0.0,-0.0404220362876
699,0.48951048951,0.95,0.630201342282,0.538517224557,4.0,-0.346657504046,0.0,0.271689525218
700,0.31045045045,0.169752066116,0.169752066116,0.169752066116,-3.0,-0.4951385617,0.0,0.0547708971547
701,0.246153846154,0.05,0.508928571429,0.289152542373,4.0,-0.64958263773,0.0,0.00551957771839
702,0.657878787879,0.652894736842,0.652894736842,0.873643410853,-1.0,2.32044294865,0.0,0.101550640894
703,0.286428571429,0.95,0.05,0.133566433566,12.0,0.0503446287706,0.0,0.0242126733528
704,0.607397260274,0.05,0.95,0.532502483375,-11.0,-1.16361561667,0.0,0.0141238688324
705,0.494186046512,0.295223880597,0.95,0.590068040535,-3.0,-2.6583167683,0.0,0.0780140594507
706,0.174893617021,0.510344827586,0.510344827586,0.0553846153846,-1.0,-0.225608735671,0.0,-0.0192657079261
707,0.485294117647,0.95,0.369387755102,0.05,-7.0,-0.204772181278,-0.0,0.0237480872843
708,0.0656756756757,0.687826086957,0.687826086957,0.873643410853,1.0,1.19228836436,0.0,0.101513765398
709,0.107536231884,0.05,0.269612403101,0.295223880597,-1.0,-3.10489470526,0.0,0.035434269285
710,0.514285714286,0.776390977444,0.269612403101,0.471942715608,-8.0,-1.18822861798,-0.0,0.0427505568324
711,0.541367521368,0.511278195489,0.511278195489,0.472303480422,0.0,2.00465104595,0.0,-0.000812313908854
712,0.558987341772,0.344285714286,0.95,0.24696969697,-3.0,-3.49922155326,0.0,0.0475794736236
713,0.585925925926,0.503875968992,0.503875968992,0.595508035396,0.0,2.784875,0.0,0.138297699798
714,0.776390977444,0.05,0.95,0.834159949679,0.0,-0.0263463925788,-2.0,0.0289518171326
715,0.7,0.404646464646,0.95,0.814074074074,0.0,0.816800590039,0.0,-0.00887567269654
716,0.274545454545,0.95,0.95,0.95,0.0,3.79011134547,0.0,0.0667310985214
717,0.603529411765,0.559230769231,0.372727272727,0.95,-3.0,1.44449744463,-1.0,0.0493131799924
718,0.504201680672,0.05,0.493975903614,0.05,5.0,0.734707796222,2.0,0.0678179812985
719,0.290819672131,0.05,0.169752066116,0.05,15.0,2.01948462929,2.0,0.0599176373029
720,0.483050847458,0.05,0.489932885906,0.95,-7.0,0.123401534527,-1.0,0.09203522389
721,0.585925925926,0.95,0.95,0.95,-9.0,2.71864395537,-2.0,0.0239028265297
722,0.847628865979,0.562058823529,0.607777777778,0.801034316823,-13.0,3.08289420423,-2.0,-0.00482891679117
723,0.236140350877,0.05,0.05,0.05,9.0,1.58712055848,2.0,-0.110949555673
724,0.536129032258,0.95,0.619215686275,0.260674157303,7.0,0.0737910822692,1.0,-0.0720097840139
725,0.138709677419,0.748611111111,0.489795918367,0.748611111111,3.0,-1.48722222222,1.0,0.105776174247
726,0.05,0.05,0.514925373134,0.501109588841,-1.0,-0.273433319154,0.0,0.0215573848452
727,0.485915492958,0.05,0.05,0.292768327224,9.0,-0.174959268079,1.0,0.0111279742618
728,0.490797546012,0.95,0.95,0.95,7.0,1.89103240985,-2.0,0.0494519185021
729,0.95,0.95,0.95,0.721709946595,-11.0,1.26885078356,-1.0,-0.00401660288231
730,0.494186046512,0.709180327869,0.05,0.471208905389,3.0,-2.36049350135,0.0,0.0279731632139
731,0.899365079365,0.95,0.619215686275,0.95,-13.0,0.596051898509,0.0,0.00387577626456
732,0.05,0.05,0.05,0.104268663522,13.0,-2.22286615221,2.0,-0.000565645513159
733,0.635433070866,0.95,0.95,0.95,-15.0,-0.093995352385,-2.0,0.295437612503
734,0.75223880597,0.95,0.656231884058,0.784249713312,-5.0,0.680272108844,-1.0,0.144177029202
735,0.655211267606,0.95,0.95,0.272359742402,-11.0,0.877795031056,1.0,-0.00076873886113
736,0.604691358025,0.503649635036,0.503649635036,0.380535497732,-1.0,0.675571543435,1.0,0.159151409514
737,0.833571428571,0.95,0.95,0.837804515727,-11.0,2.29576690489,-2.0,0.052557791795
738,0.323087248322,0.05,0.05,0.154646219405,13.0,1.01746268657,2.0,-0.00845400725762
739,0.406666666667,0.05,0.05,0.05,1.0,-2.23015896672,1.0,-0.0911375700603
740,0.461751824818,0.493506493506,0.373053892216,0.127480916031,1.0,2.27436480475,2.0,0.0259545853236
741,0.416510067114,0.557441860465,0.65164556962,0.907741935484,-11.0,0.18516516094,-1.0,0.12984897218
742,0.50641025641,0.95,0.224444444444,0.933333333333,-5.0,-0.887085921234,-2.0,0.0426984291461
743,0.506578947368,0.604691358025,0.05,0.1575,7.0,0.138355415877,0.0,0.00739718984894
744,0.457477477477,0.05,0.490066225166,0.487235802979,-3.0,0.173120492195,0.0,-0.009814234167
745,0.137908496732,0.253947368421,0.253947368421,0.253947368421,-5.0,0.923909390334,0.0,-0.0220399903476
746,0.177037037037,0.05,0.673742331288,0.503667848025,9.0,0.161075046516,0.0,-0.0223887877728
747,0.317364341085,0.05,0.139642857143,0.155841584158,15.0,-1.7180270184,1.0,0.0482718050633
748,0.05,0.05,0.637190082645,0.05,15.0,-0.322946846895,0.0,-0.00887567269654
749,0.702253521127,0.365648854962,0.51048951049,0.626165889624,5.0,-0.349994189858,-1.0,0.0253271718638
750,0.509259259259,0.95,0.05,0.170266043011,8.0,0.33147551488,2.0,0.0955826714651
751,0.815471698113,0.05,0.293846153846,0.892463768116,-8.0,-0.270520255243,-1.0,0.0373839068423
752,0.784102564103,0.95,0.95,0.95,-1.0,1.44884060285,-2.0,0.063250658202
753,0.748611111111,0.95,0.05,0.728872180451,-5.0,1.83619068498,-1.0,-0.032281386497
754,0.417124183007,0.05,0.415524475524,0.153549785228,8.0,3.34643201543,2.0,-0.0104877930526
755,0.111214953271,0.95,0.265378151261,0.125829924913,8.0,0.269099959458,2.0,-0.0252719214848
756,0.395308641975,0.05,0.05,0.386819893502,5.0,-4.53147857889,0.0,0.028626688
757,0.95,0.511627906977,0.511627906977,0.844537608582,-7.0,0.16364163847,-2.0,0.104968845728
758,0.95,0.560547945205,0.95,0.894626865672,3.0,-0.269151138716,-2.0,0.143965535958
759,0.505952380952,0.95,0.95,0.492612533292,-3.0,2.7295116438,0.0,0.0223121487091
760,0.506493506494,0.697974683544,0.851428571429,0.852760421688,7.0,-0.190794758942,-2.0,0.0931017331893
761,0.487179487179,0.652051282051,0.817823129252,0.8025,-8.0,1.34528307828,-1.0,0.0610296119725
762,0.111506849315,0.337627118644,0.337627118644,0.315055368939,3.0,1.8530193413,1.0,0.00974510092745
763,0.17795620438,0.05,0.05,0.821632653061,8.0,-1.74920114123,1.0,-0.0229831826843
764,0.154782608696,0.05,0.324052287582,0.266280991736,7.0,-3.68717387697,-1.0,0.011587823871
765,0.562388059701,0.63488372093,0.503703703704,0.594343306981,-3.0,-0.918510847841,0.0,0.265932203819
766,0.652467532468,0.492957746479,0.95,0.288275862069,1.0,2.06956410133,0.0,0.0794105378958
767,0.677414965986,0.438260869565,0.631914893617,0.491373142553,-3.0,-0.0211934900542,-0.0,0.0116203549044
768,0.169752066116,0.05,0.05,0.460012379341,4.0,-4.2131661442,0.0,0.137210921014
769,0.535923566879,0.05,0.05,0.476579240073,4.0,-0.558038547617,0.0,-0.0311478393868
770,0.537482517483,0.617037037037,0.617037037037,0.597648099811,4.0,1.05977347523,0.0,0.0503511763568
771,0.506944444444,0.95,0.482142857143,0.509757273665,-9.0,4.55869689012,-0.0,-0.00949916591436
772,0.508333333333,0.95,0.204444444444,0.467086194259,3.0,-4.1534169991,-0.0,0.0314267613944
773,0.336140350877,0.05,0.05,0.528697519359,10.0,1.38921701424,0.0,0.0609607160889
774,0.496062992126,0.05,0.653333333333,0.05,-1.0,-4.58747300991,0.0,0.295437612503
775,0.566315789474,0.515625,0.515625,0.928235294118,3.0,2.57046946128,0.0,-0.00582048022444
776,0.510204081633,0.95,0.929743589744,0.95,6.0,-2.6264669266,0.0,0.0979306499805
777,0.663103448276,0.503875968992,0.503875968992,0.509623629392,6.0,1.12898207393,0.0,0.00628784861864
778,0.503401360544,0.05,0.05,0.745454545455,6.0,-4.30739811912,0.0,0.0931017331893
779,0.566315789474,0.05,0.05,0.373012210994,-1.0,0.430990656135,0.0,-0.0562085320768
